000 000 000,0.9999999999999996
100 000 000,0.9999999999999996
110 000 000,0.5
111 000 000,1.0
111 100 000,1.0
111 110 000,1.0
111 111 000,1.0
111 111 100,1.0
111 111 110,1.0
111 111 111,1.0
001 000 000,0.9999999999999996
101 000 000,0.5
021 000 000,0.9999999999999996
121 000 000,0.9999999999999996
121 100 000,0.5
121 110 000,0.5
121 111 000,1.0
121 111 100,1.0
121 111 110,1.0
121 111 111,1.0
021 001 000,0.9999999999999996
121 001 000,0.5
121 101 000,0.5
021 021 000,0.9999999999999996
121 021 000,0.9999999999999996
121 121 000,0.5
121 121 100,1.0
121 121 110,1.0
121 121 111,1.0
021 021 100,0.9999999999999996
121 021 100,0.5
021 221 100,0.9999999999999996
121 221 100,0.9999999999999996
121 221 110,0.5
121 221 111,1.0
021 201 000,0.9999999999999944
121 201 000,0.704755
121 211 000,0.5
121 211 100,1.0
121 211 110,1.0
121 211 111,1.0
021 201 100,0.9999999999999495
121 201 100,0.5
001 000 002,0.9999999999999988
101 000 002,0.7342795
111 000 002,1.0
111 100 002,1.0
111 110 002,1.0
111 111 002,1.0
111 111 102,1.0
111 111 112,1.0
011 000 002,0.9999999999999916
211 000 002,0.9999999999998209
211 100 002,0.7342795
211 110 002,0.5
211 111 002,1.0
211 111 102,1.0
211 111 112,1.0
211 001 002,0.9999999999996632
211 101 002,0.5
000 000 001,0.9999999999999956
100 000 001,0.5
110 000 001,0.5
111 000 001,1.0
111 100 001,1.0
111 110 001,1.0
111 111 001,1.0
111 111 101,1.0
002 000 001,0.9999999999999144
102 000 001,0.67195
112 000 001,0.5
112 100 001,0.5
112 110 001,1.0
112 111 001,1.0
112 111 101,1.0
112 111 111,1.0
002 010 001,0.9999999999994865
102 010 001,1.0
112 010 001,1.0
202 010 001,0.9999999999911701
202 110 001,0.67195
212 110 001,0.5
212 111 001,1.0
212 111 101,1.0
212 111 111,1.0
202 112 001,0.6355000000000001
212 112 001,0.5950000000000001
212 112 101,0.5
212 112 111,1.0
202 112 011,0.6355000000000001
212 112 011,1.0
021 121 000,0.9999999999999996
021 121 200,0.9999999999999996
121 121 200,0.9845484228086836
121 121 210,0.5
121 121 211,1.0
021 010 000,0.9999999999999996
121 010 000,0.5
021 012 000,0.9999999999999989
121 012 000,0.885616037725195
121 112 000,0.5
121 112 100,1.0
121 112 110,1.0
121 112 111,1.0
021 001 002,0.9999999999999996
121 001 002,0.9392116727047154
121 101 002,0.5
121 111 002,1.0
121 111 102,1.0
121 111 112,1.0
021 011 002,0.9999999999999996
121 011 002,0.5
021 211 002,0.999999999999996
121 211 002,0.8587852317595001
121 211 102,1.0
121 211 112,1.0
121 211 202,0.054709494565756175
121 211 212,0.0
021 221 110,0.9999999999999996
221 221 110,0.9676945905538666
221 221 111,1.0
000 000 100,0.9999999999999872
100 000 100,0.5
110 000 100,0.5
111 000 100,1.0
111 100 100,1.0
111 110 100,1.0
002 000 100,0.9999999999997544
102 000 100,0.7847663949999999
112 000 100,0.5
112 100 100,1.0
112 110 100,1.0
112 111 100,1.0
112 111 110,1.0
002 100 100,0.999999999994786
102 100 100,1.0
202 100 100,0.9999999999571134
212 100 100,0.7847663949999999
212 110 100,0.5
212 111 100,1.0
212 111 110,1.0
202 101 100,0.9999999996472461
212 101 100,0.5
202 121 100,0.9999999999999996
212 121 100,0.87290670858355
212 121 110,0.5
212 121 111,1.0
202 121 101,0.9999999999999996
212 121 101,0.5
202 121 121,3.911409866939656e-17
212 121 121,0.0
001 000 200,0.9999999999999782
101 000 200,0.82566077995
111 000 200,1.0
111 100 200,1.0
111 110 200,1.0
111 111 200,1.0
111 111 210,1.0
111 111 211,1.0
011 000 200,0.9999999999998209
211 000 200,0.9999999999969211
211 100 200,0.82566077995
211 110 200,0.5
211 111 200,1.0
211 111 210,1.0
211 111 211,1.0
211 001 200,0.9999999999794874
211 101 200,0.5
211 021 200,0.9999999998893021
211 121 200,0.7342795
211 121 210,0.5
211 121 211,1.0
212 010 001,0.7608515499999999
202 011 001,0.9999999999571134
212 011 001,0.5
202 211 001,0.9999999998125321
212 211 001,0.8062897554999999
212 211 101,0.5
212 211 111,1.0
202 211 011,0.999999998458027
212 211 011,1.0
021 100 000,0.9999999999999782
021 102 000,0.9999999999997544
121 102 000,0.8587852317595001
021 102 100,0.9999999999992173
121 102 100,1.0
221 102 100,0.999999999997229
221 102 101,0.8062897554999999
221 112 101,1.0
221 112 111,1.0
221 122 101,0.9887358002275304
221 122 111,1.0
000 010 000,0.9999999999999979
100 010 000,0.5
110 010 000,0.5
111 010 000,1.0
002 010 000,0.9999999999999668
102 010 000,0.82566077995
112 010 000,0.5
112 110 000,0.5
112 111 000,1.0
002 011 000,0.9999999999999996
102 011 000,0.5
112 011 000,0.5
002 211 000,0.9999999999999996
102 211 000,0.82566077995
112 211 000,0.5
112 211 100,0.5
112 211 110,1.0
112 211 111,1.0
002 211 010,0.9999999999999996
102 211 010,0.5
112 211 010,1.0
022 211 010,0.9999999999999996
122 211 010,0.907348990557408
122 211 110,0.5
122 211 111,1.0
022 211 011,0.9999999999999996
122 211 011,1.0
121 002 000,0.9999999999999983
121 002 100,0.9999999999999872
121 202 100,0.9999999999996257
121 212 100,1.0
121 212 110,1.0
121 212 111,1.0
000 100 000,0.9999999999999885
100 100 000,0.5
110 100 000,0.5
002 100 000,0.9999999999999049
102 100 000,0.704755
112 100 000,0.5
002 101 000,0.9999999999985274
022 101 000,0.7342795
122 101 000,0.5
122 111 000,1.0
122 111 100,1.0
122 111 110,1.0
122 111 111,1.0
221 021 100,0.9999999999999996
221 121 100,0.87290670858355
221 121 110,0.5
221 121 111,1.0
102 000 000,0.9999999999999979
112 000 000,0.7847663949999999
102 001 000,0.9999999999998825
112 001 000,0.5
112 101 000,0.5
102 021 000,0.9999999999997271
112 021 000,0.704755
112 121 000,0.5
112 121 100,1.0
112 121 110,1.0
112 121 111,1.0
102 021 100,0.9999999999983638
112 021 100,0.5
102 221 100,0.999999999990189
112 221 100,0.885616037725195
112 221 110,0.5
112 221 111,1.0
102 221 101,0.9999999998770023
112 221 101,0.5
102 221 121,4.838874560120251e-10
112 221 121,0.0
021 000 100,0.9999999999999996
121 000 100,0.5
121 100 100,1.0
121 110 100,1.0
021 200 100,0.9999999999999906
121 200 100,0.885616037725195
121 210 100,1.0
021 021 102,0.9999999999999996
121 021 102,0.994013742408719
121 121 102,1.0
121 121 112,1.0
021 121 102,0.9999999999999996
121 021 200,0.9999999999999996
021 221 112,2.4835775433870863e-26
121 221 112,0.0
021 021 010,0.9999999999999996
121 021 010,0.5
121 121 010,0.5
021 021 210,0.9999999999999996
121 021 210,0.9507614548908194
011 000 220,0.7342795
111 000 220,1.0
111 100 220,1.0
111 110 220,1.0
111 111 220,1.0
111 111 221,1.0
000 000 010,0.9999999999999996
100 000 010,0.5
110 000 010,0.5
111 000 010,1.0
111 100 010,1.0
111 110 010,1.0
111 111 010,1.0
002 000 010,0.9999999999999896
102 000 010,0.7342795
112 000 010,0.5
112 100 010,0.5
112 110 010,1.0
112 111 010,1.0
002 010 010,0.9999999999999144
102 010 010,0.5
112 010 010,1.0
022 010 010,0.9999999999995379
122 010 010,0.67195
122 110 010,0.5
122 111 010,1.0
022 011 010,0.9999999999975061
122 011 010,0.5
001 200 000,0.9999999999999996
101 200 000,0.704755
111 200 000,1.0
111 210 000,1.0
111 211 000,1.0
111 211 100,1.0
111 211 110,1.0
111 211 111,1.0
011 200 000,0.999999999999999
211 200 000,0.9999999999999731
211 210 000,0.7342795
211 211 000,0.5
211 211 100,1.0
211 211 110,1.0
211 211 111,1.0
211 200 100,0.9999999999994295
211 210 100,1.0
211 220 100,0.9999999999985274
211 221 100,0.6355000000000001
211 221 110,0.5
211 221 111,1.0
211 220 101,0.9999999999865418
211 221 101,1.0
001 002 000,0.9999999999999979
101 002 000,0.82566077995
111 002 000,1.0
111 102 000,1.0
111 112 000,1.0
111 112 100,1.0
111 112 110,1.0
111 112 111,1.0
011 002 000,0.9999999999999842
211 002 000,0.9999999999998943
211 012 000,0.7608515499999999
211 112 000,0.5
211 112 100,1.0
211 112 110,1.0
211 112 111,1.0
211 012 200,0.8587852317595001
211 012 201,0.55
021 101 002,0.9324574141163504
021 121 002,0.9601167784615637
121 121 002,0.6355000000000001
221 021 010,0.9809239787761527
221 121 010,0.5
100 000 020,0.5950000000000001
110 000 020,0.5
111 000 020,1.0
111 100 020,1.0
111 110 020,1.0
111 111 020,1.0
111 111 120,1.0
111 111 121,1.0
101 000 020,0.6355000000000001
121 000 020,0.704755
121 100 020,0.5
121 110 020,0.5
121 111 020,1.0
121 111 120,1.0
121 111 121,1.0
121 001 020,0.8587852317595001
121 101 020,0.5
021 021 012,0.9788044208623918
121 021 012,0.5
121 121 012,0.5
021 021 112,0.9926095585292827
121 021 112,0.5
021 000 001,0.9999999999999971
121 000 001,0.5
121 100 001,0.5
121 110 001,1.0
121 111 001,1.0
121 111 101,1.0
021 020 001,0.9999999999999731
121 020 001,0.7847663949999999
121 120 001,0.5
121 121 001,1.0
121 121 101,1.0
121 102 200,0.8587852317595001
121 112 200,0.55
121 112 210,0.5
121 112 211,1.0
121 102 201,0.8587852317595001
121 112 201,1.0
121 122 201,0.114383962274805
121 122 211,0.0
201 000 000,0.999999999999999
211 000 000,0.7608515499999999
211 100 000,0.5
211 110 000,0.5
211 111 000,1.0
211 111 100,1.0
211 111 110,1.0
211 111 111,1.0
201 001 000,0.9999999999999758
211 001 000,0.5
211 101 000,0.5
201 021 000,0.9999999999998209
211 021 000,0.8062897554999999
211 121 000,0.5
211 121 100,0.5
211 121 110,0.5
211 121 111,1.0
221 021 110,0.9249526823515004
021 001 200,0.9999999999999996
121 001 200,0.9249526823515004
121 101 200,0.5
121 111 200,1.0
121 111 210,1.0
121 111 211,1.0
021 011 200,0.9999999999999988
121 011 200,0.5
021 211 200,0.9999999999999971
121 221 102,1.6294752262162674e-26
211 102 000,0.7342795
211 002 100,0.9999999999977555
211 102 100,0.5
211 022 100,0.9999999999928477
211 122 100,0.67195
211 122 110,0.5
211 122 111,1.0
211 022 101,0.9999999999833848
211 122 101,0.5
211 022 121,3.126436478463262e-11
211 122 121,0.0
121 020 000,0.885616037725195
121 120 000,0.5
121 020 100,0.8587852317595001
121 120 100,1.0
121 220 100,0.9641051006154073
121 220 101,0.9601167784615637
121 221 101,1.0
001 201 000,0.7847663949999999
101 201 000,0.5
111 201 000,1.0
001 020 000,0.9999999999999986
101 020 000,0.704755
111 020 000,1.0
111 120 000,1.0
111 121 000,1.0
111 121 100,1.0
111 121 110,1.0
111 121 111,1.0
011 020 000,0.9999999999999906
011 020 002,0.7342795
111 020 002,1.0
111 120 002,1.0
111 121 002,1.0
111 121 102,1.0
111 121 112,1.0
002 001 001,0.7847663949999999
102 001 001,0.5
112 001 001,0.5
112 101 001,0.5
002 021 001,0.7847663949999999
002 121 001,0.7847663949999999
102 121 001,0.5
112 121 001,0.5
112 121 101,1.0
221 112 100,1.0
221 112 110,1.0
021 001 102,0.7847663949999999
121 001 102,0.5
121 101 102,1.0
021 201 102,0.907348990557408
121 201 102,0.55
000 200 010,0.55
100 200 010,0.5
110 200 010,0.5
111 200 010,1.0
111 210 010,1.0
111 211 010,1.0
001 200 010,0.704755
101 200 010,0.5
021 200 010,0.82566077995
121 200 010,0.5
121 210 010,0.5
121 211 010,0.5
021 200 110,0.9507614548908194
121 200 110,0.5
121 210 110,1.0
021 220 110,0.9788044208623918
121 220 110,0.5950000000000001
000 001 000,0.9999999999999872
100 001 000,0.5
110 001 000,0.5
111 001 000,1.0
111 101 000,1.0
002 001 000,0.9999999999998694
102 211 020,0.8587852317595001
112 211 020,0.5950000000000001
112 211 120,0.5
112 211 121,1.0
012 000 001,0.7608515499999999
012 020 001,0.7342795
112 020 001,0.5
112 120 001,0.5
012 020 101,0.7342795
112 020 101,0.5
112 120 101,1.0
012 220 101,0.7342795
112 220 101,0.55
211 020 000,0.9999999999998825
211 120 000,0.843094701955
211 020 001,0.9999999999986746
211 120 001,0.5
211 121 001,1.0
211 121 101,1.0
211 022 001,0.9999999999928477
211 122 001,0.8062897554999999
211 022 011,0.9999999999687357
211 122 011,0.5
211 022 211,2.2791721927997183e-11
211 122 211,0.0
021 100 200,0.9392116727047154
121 100 200,0.55
121 110 200,0.5
021 101 200,0.9601167784615637
121 211 200,0.7847663949999999
121 211 210,0.5
121 211 211,1.0
102 021 120,0.704755
112 021 120,0.5
112 121 120,1.0
112 121 121,1.0
211 122 201,0.405
001 000 020,0.9999999999999668
011 000 020,0.9999999999998549
211 000 020,0.9999999999996632
211 100 020,0.6355000000000001
211 110 020,0.5
211 111 020,1.0
211 111 120,1.0
211 111 121,1.0
211 001 020,0.9999999999957766
211 101 020,0.5
211 021 020,0.9999999999614021
211 121 020,0.8587852317595001
211 121 120,0.5
211 121 121,1.0
010 000 000,0.9999999999999981
012 000 000,0.9999999999999805
012 001 000,0.9999999999998549
012 021 000,0.9999999999990338
012 021 100,0.9999999999687357
012 021 102,0.8062897554999999
112 021 102,0.5
112 121 102,1.0
112 121 112,1.0
012 121 102,0.8062897554999999
021 001 020,0.9999999999999996
021 011 020,0.9999999999999996
121 011 020,0.5
021 211 020,0.9999999999999977
121 211 020,0.87290670858355
121 211 120,1.0
121 211 121,1.0
200 100 000,0.7608515499999999
210 100 000,0.5
200 101 000,0.7608515499999999
210 101 000,0.5
200 121 000,0.7342795
210 121 000,0.5
200 121 001,0.67195
210 121 001,0.5
202 121 001,0.6355000000000001
202 121 011,0.6355000000000001
212 121 011,0.5
112 002 000,0.7847663949999999
112 102 000,0.5
112 112 000,0.5
112 112 100,1.0
112 112 110,1.0
112 112 111,1.0
112 002 100,0.7847663949999999
112 102 100,1.0
112 202 100,0.7847663949999999
112 212 100,0.5
112 212 110,1.0
112 212 111,1.0
112 202 110,0.7608515499999999
211 201 000,0.8062897554999999
102 101 000,0.5
002 121 000,0.9999999999850464
102 121 000,0.7342795
002 121 100,0.9999999998633359
102 121 100,1.0
011 200 002,0.704755
111 200 002,1.0
111 210 002,1.0
111 211 002,1.0
111 211 102,1.0
111 211 112,1.0
020 000 100,0.6355000000000001
120 000 100,0.5
020 100 100,0.6355000000000001
120 100 100,1.0
220 100 100,0.5950000000000001
221 100 100,0.5
221 110 100,1.0
221 111 100,1.0
221 111 110,1.0
221 111 111,1.0
220 110 100,0.5950000000000001
121 221 000,0.87290670858355
211 021 120,0.7342795
211 000 102,0.704755
211 100 102,0.5
211 110 102,1.0
021 000 010,0.9999999999999968
121 000 010,0.5
121 100 010,0.5
121 110 010,0.5
121 111 010,1.0
021 002 010,0.9999999999999842
121 002 010,0.8587852317595001
121 102 010,0.5
121 112 010,0.5
021 002 110,0.999999999999779
121 002 110,0.5
121 102 110,1.0
021 202 110,0.9999999999992173
121 202 110,0.9452905054342439
121 211 220,0.843094701955
201 001 020,0.704755
201 011 020,0.704755
211 011 020,0.5
201 211 020,0.704755
211 211 020,0.5
211 211 120,1.0
211 211 121,1.0
102 021 001,0.5950000000000001
112 021 001,0.5
002 021 101,0.7608515499999999
102 021 101,0.5
112 021 101,0.5
002 221 101,0.7342795
021 000 102,0.843094701955
121 000 102,0.5
121 100 102,1.0
121 110 102,1.0
021 100 102,0.87290670858355
221 100 102,0.8587852317595001
221 110 102,1.0
221 111 102,1.0
221 111 112,1.0
012 221 100,0.9999999997917023
012 221 101,0.9999999996472461
012 221 121,5.973919210025001e-10
002 010 021,0.704755
102 010 021,1.0
112 010 021,1.0
112 110 021,1.0
112 111 021,1.0
112 111 121,1.0
022 010 001,0.7847663949999999
122 010 001,1.0
122 110 001,1.0
122 111 001,1.0
122 111 101,1.0
002 121 120,0.6355000000000001
102 121 120,1.0
221 001 000,0.9999999999999996
221 101 000,0.82566077995
221 111 000,1.0
221 011 000,0.9999999999999896
221 211 000,0.999999999999801
221 211 100,1.0
221 211 110,1.0
221 211 111,1.0
202 011 000,0.7608515499999999
202 011 100,0.6355000000000001
212 011 100,0.5
202 211 100,0.7847663949999999
212 211 100,0.6355000000000001
212 211 110,1.0
212 211 120,0.32805000000000006
212 211 121,0.0
122 021 100,0.8062897554999999
122 121 100,1.0
122 121 110,1.0
122 121 111,1.0
022 211 110,0.9507614548908194
022 211 112,0.0443146905982625
122 211 112,0.0
212 211 021,0.03230540944613336
021 002 001,0.8970544339526756
121 002 001,0.6355000000000001
121 102 001,0.5
121 112 001,1.0
121 112 101,1.0
021 012 001,0.9249526823515004
121 012 001,1.0
221 012 001,0.9249526823515004
221 112 001,0.5
121 211 221,1.0
002 110 000,0.7608515499999999
102 110 000,0.5
002 112 000,0.7342795
012 112 000,0.55
012 112 200,0.55
112 112 200,0.5
112 112 210,1.0
112 112 211,1.0
021 112 000,0.8970544339526756
021 112 200,0.9166140915016672
021 112 201,0.8970544339526756
221 112 201,0.114383962274805
221 112 211,0.0
000 010 002,0.5950000000000001
100 010 002,0.5
110 010 002,0.5
111 010 002,1.0
001 010 002,0.67195
101 010 002,0.5
021 010 002,0.8062897554999999
021 010 012,0.6355000000000001
121 010 012,0.5
121 110 012,0.5
121 111 012,1.0
021 012 012,0.6355000000000001
121 012 012,0.5
121 112 012,0.5
121 112 112,1.0
011 002 200,0.8587852317595001
111 002 200,1.0
111 102 200,1.0
111 112 200,1.0
111 112 210,1.0
111 112 211,1.0
202 121 110,0.8062897554999999
011 022 000,0.7847663949999999
111 022 000,1.0
111 122 000,1.0
111 122 100,1.0
111 122 110,1.0
111 122 111,1.0
202 211 101,0.8062897554999999
202 211 121,0.08338590849833284
211 002 010,0.7342795
211 102 010,0.5
211 112 010,1.0
211 022 010,0.67195
211 122 010,0.5
021 101 020,0.8970544339526756
021 211 012,0.8062897554999999
121 211 012,0.5
021 211 212,0.09265100944259205
022 010 011,0.704755
122 010 011,1.0
122 110 011,1.0
122 111 011,1.0
012 201 000,0.6355000000000001
012 201 010,0.67195
112 201 010,0.5
012 221 010,0.67195
112 221 010,0.5
012 221 011,0.67195
112 221 011,0.5
221 011 002,0.87290670858355
221 111 002,1.0
211 102 200,0.907348990557408
211 112 200,0.5
211 112 210,1.0
211 112 211,1.0
211 102 210,0.885616037725195
211 122 210,0.09265100944259205
012 000 100,0.704755
012 200 100,0.704755
112 200 100,0.5
112 210 100,0.5
012 200 110,0.7342795
112 200 110,0.5
112 210 110,1.0
012 220 110,0.82566077995
112 220 110,0.55
002 011 020,0.8062897554999999
102 011 020,0.6355000000000001
112 011 020,0.5
112 111 020,1.0
112 111 120,1.0
010 000 200,0.5950000000000001
110 000 200,0.5
201 000 001,0.67195
211 000 001,0.5
211 100 001,0.5
211 110 001,0.5
211 111 001,1.0
211 111 101,1.0
201 002 001,0.6355000000000001
211 002 001,0.67195
211 102 001,0.5
211 112 001,0.5
211 112 101,1.0
211 002 201,0.843094701955
211 102 201,0.5
211 112 201,0.5
211 002 211,0.8062897554999999
211 102 211,0.5
012 021 010,0.704755
001 000 210,0.8587852317595001
101 000 210,0.5
111 000 210,1.0
111 100 210,1.0
111 110 210,1.0
021 000 210,0.9166140915016672
121 000 210,0.5
121 100 210,0.5
121 110 210,0.5
021 001 210,0.9392116727047154
121 001 210,0.5
121 101 210,0.5
021 121 210,0.9676945905538666
021 121 212,0.03988322153843625
121 121 212,0.0
021 102 001,0.8062897554999999
021 122 001,0.885616037725195
121 122 001,0.6355000000000001
121 122 101,1.0
121 122 111,1.0
021 122 101,0.907348990557408
221 211 010,0.843094701955
021 100 020,0.7847663949999999
000 200 001,0.704755
100 200 001,0.5
110 200 001,0.5
111 200 001,1.0
111 210 001,1.0
111 211 001,1.0
111 211 101,1.0
001 200 001,0.8062897554999999
101 200 001,0.5
021 200 001,0.87290670858355
121 200 001,0.55
121 210 001,1.0
121 211 001,1.0
121 211 101,1.0
121 220 001,0.55
121 221 001,1.0
002 000 011,0.82566077995
102 000 011,0.5
112 000 011,0.5
112 100 011,0.5
112 110 011,1.0
112 111 011,1.0
002 020 011,0.843094701955
102 020 011,0.5
112 020 011,0.5
112 120 011,0.5
112 121 011,0.5
002 000 110,0.7847663949999999
102 000 110,0.5
112 000 110,0.5
112 100 110,1.0
112 110 110,1.0
002 200 110,0.7608515499999999
102 200 110,0.7342795
002 210 110,0.8970544339526756
102 210 110,0.5
022 210 110,0.9249526823515004
122 210 110,0.5
011 020 200,0.82566077995
111 020 200,1.0
111 120 200,1.0
111 121 200,1.0
111 121 210,1.0
111 121 211,1.0
211 001 202,0.7342795
211 011 202,0.7608515499999999
211 111 202,1.0
211 111 212,1.0
002 101 020,0.7342795
102 101 020,0.5
112 101 020,0.5
121 121 202,0.012515777524966205
001 000 201,0.7608515499999999
101 000 201,0.5
111 000 201,1.0
111 100 201,1.0
111 110 201,1.0
111 111 201,1.0
021 000 201,0.7847663949999999
121 000 201,0.5
121 100 201,0.5
121 110 201,1.0
121 111 201,1.0
021 010 201,0.7342795
021 010 221,0.5950000000000001
121 010 221,1.0
121 110 221,1.0
121 111 221,1.0
121 010 002,0.5
121 110 002,0.5
212 021 100,0.8062897554999999
212 021 101,0.8062897554999999
212 021 121,0.1937102445
221 121 000,0.9392116727047154
021 010 200,0.82566077995
021 010 210,0.55
121 010 210,0.5
021 012 210,0.7847663949999999
121 012 210,0.5950000000000001
021 012 211,0.7608515499999999
121 012 211,1.0
221 012 211,0.23914845
021 010 020,0.82566077995
121 010 020,0.5
000 002 100,0.704755
100 002 100,0.5
110 002 100,0.5
111 002 100,1.0
111 102 100,1.0
001 002 100,0.7608515499999999
001 202 100,0.55
101 202 100,0.5
111 202 100,1.0
111 212 100,1.0
111 212 110,1.0
111 212 111,1.0
011 202 100,0.55
211 202 100,0.8970544339526756
211 202 110,0.5
011 020 020,0.7847663949999999
111 020 020,1.0
111 120 020,1.0
111 121 020,1.0
111 121 120,1.0
111 121 121,1.0
022 211 211,0.9676945905538666
122 211 211,1.0
021 002 100,0.7847663949999999
102 021 102,0.7608515499999999
022 011 210,0.7608515499999999
122 011 210,0.5
122 111 210,1.0
122 111 211,1.0
001 002 001,0.8062897554999999
101 002 001,0.5
111 002 001,1.0
111 102 001,1.0
111 112 001,1.0
111 112 101,1.0
121 002 210,0.8062897554999999
121 102 210,0.5950000000000001
121 002 211,0.7608515499999999
121 202 211,0.5950000000000001
121 212 211,1.0
002 010 100,0.8062897554999999
102 010 100,0.5
112 010 100,0.5
002 210 100,0.8062897554999999
102 210 100,0.55
002 100 010,0.7847663949999999
102 100 010,0.5
002 120 010,0.7342795
102 120 010,0.6355000000000001
112 120 010,0.5
112 121 010,0.5
002 120 110,0.7342795
102 120 110,1.0
112 120 110,1.0
202 120 110,0.82566077995
212 120 110,0.5
211 212 100,1.0
211 212 110,1.0
211 212 111,1.0
122 000 100,0.5
122 000 101,0.55
122 100 101,1.0
122 110 101,1.0
122 200 101,0.55
122 210 101,1.0
122 211 101,1.0
011 000 022,0.7342795
111 000 022,1.0
111 100 022,1.0
111 110 022,1.0
111 111 022,1.0
111 111 122,1.0
121 022 001,0.8062897554999999
121 022 101,0.8062897554999999
001 002 010,0.843094701955
101 002 010,0.5
111 002 010,1.0
111 102 010,1.0
111 112 010,1.0
201 000 100,0.6355000000000001
201 000 120,0.55
211 000 120,0.55
211 100 120,0.5
211 110 120,1.0
002 012 001,0.5950000000000001
102 012 001,1.0
112 012 001,1.0
112 112 001,1.0
112 112 101,1.0
211 020 201,0.67195
211 120 201,0.5
211 121 201,1.0
121 021 002,0.9788044208623918
002 010 012,0.67195
102 010 012,0.5
112 010 012,1.0
112 110 012,1.0
112 111 012,1.0
112 111 112,1.0
221 001 010,0.9507614548908194
221 101 010,0.5
221 111 010,1.0
211 102 020,0.67195
211 112 020,0.5
211 112 120,1.0
211 112 121,1.0
211 102 120,0.704755
211 122 120,0.32805000000000006
001 100 200,0.82566077995
101 100 200,0.5
000 100 002,0.6355000000000001
100 100 002,0.5
110 100 002,0.5
001 100 002,0.8062897554999999
001 100 022,0.55
101 100 022,0.5
011 100 022,0.55
211 100 022,0.55
211 110 022,0.5
211 111 022,1.0
211 111 122,1.0
211 101 022,0.55
022 121 100,0.82566077995
211 001 022,0.7608515499999999
211 011 022,0.7342795
211 211 022,0.7608515499999999
211 211 122,1.0
221 011 020,0.9676945905538666
221 111 020,1.0
221 111 120,1.0
221 111 121,1.0
001 210 000,0.7847663949999999
101 210 000,0.5
021 210 000,0.907348990557408
121 210 000,0.5
021 020 010,0.843094701955
121 020 010,0.55
121 120 010,0.5
021 020 110,0.8587852317595001
121 020 110,0.5
121 120 110,1.0
100 002 000,0.7342795
110 002 000,0.5
011 200 020,0.7342795
111 200 020,1.0
111 210 020,1.0
111 211 020,1.0
111 211 120,1.0
111 211 121,1.0
011 200 102,0.5950000000000001
111 200 102,1.0
111 210 102,1.0
211 200 102,0.7608515499999999
211 210 102,1.0
211 211 102,1.0
211 211 112,1.0
202 101 000,0.7342795
212 101 000,0.5
212 111 000,1.0
012 121 000,0.7608515499999999
021 210 001,0.87290670858355
221 210 001,0.8587852317595001
002 011 200,0.7608515499999999
102 011 200,0.7342795
112 011 200,0.5
112 111 200,1.0
112 111 210,1.0
112 111 211,1.0
211 022 110,0.843094701955
121 102 211,0.5
121 022 211,0.1937102445
000 020 010,0.6355000000000001
100 020 010,0.5
110 020 010,0.5
111 020 010,1.0
111 120 010,1.0
111 121 010,1.0
001 020 010,0.7608515499999999
101 020 010,0.5
000 010 020,0.67195
100 010 020,0.5
110 010 020,0.5
111 010 020,1.0
001 010 020,0.7847663949999999
101 010 020,0.5
002 211 012,0.8587852317595001
102 211 012,0.67195
112 211 012,1.0
112 211 112,1.0
000 120 000,0.5950000000000001
100 120 000,0.5
110 120 000,0.5
001 120 000,0.7608515499999999
101 120 000,0.5
021 120 000,0.7847663949999999
021 120 100,0.8587852317595001
021 122 100,0.7342795
121 122 100,1.0
121 122 110,1.0
001 020 100,0.7342795
001 020 102,0.5
001 120 102,0.55
101 120 102,1.0
111 120 102,1.0
011 000 202,0.843094701955
111 000 202,1.0
111 100 202,1.0
111 110 202,1.0
111 111 202,1.0
111 111 212,1.0
000 020 001,0.67195
100 020 001,0.5
110 020 001,0.5
111 020 001,1.0
111 120 001,1.0
111 121 001,1.0
111 121 101,1.0
001 020 001,0.7342795
101 020 001,0.5
002 210 010,0.7608515499999999
102 210 010,0.55
112 210 010,1.0
010 000 002,0.6355000000000001
110 000 002,0.5
001 001 020,0.7608515499999999
101 001 020,0.5
111 001 020,1.0
111 101 020,1.0
221 002 110,0.87290670858355
221 102 110,0.7847663949999999
102 012 000,0.8062897554999999
112 012 000,0.5
102 012 100,0.8062897554999999
112 012 100,0.5
102 212 100,0.7608515499999999
102 212 110,0.8062897554999999
122 212 110,0.885616037725195
122 212 111,1.0
121 202 101,0.885616037725195
121 212 101,1.0
121 021 212,0.049238545109180555
011 200 200,0.843094701955
111 200 200,1.0
111 210 200,1.0
111 211 200,1.0
111 211 210,1.0
111 211 211,1.0
000 002 001,0.67195
100 002 001,0.5
110 002 001,0.5
021 112 221,0.55
121 112 221,1.0
021 020 101,0.7847663949999999
121 020 101,0.5
121 120 101,1.0
021 220 101,0.8587852317595001
202 101 102,0.7608515499999999
212 101 102,0.55
212 111 102,1.0
212 111 112,1.0
012 100 000,0.6355000000000001
012 102 000,0.6355000000000001
012 102 100,0.67195
212 102 100,0.843094701955
212 112 100,0.55
212 112 110,1.0
212 102 110,0.8062897554999999
212 122 110,0.8062897554999999
212 122 111,1.0
202 211 010,0.704755
212 211 010,1.0
221 011 200,0.907348990557408
221 111 200,1.0
221 111 210,1.0
221 111 211,1.0
221 001 210,0.5950000000000001
221 101 210,0.5
221 011 210,0.67195
102 112 000,0.5
002 112 100,0.67195
102 112 100,1.0
202 112 100,0.82566077995
202 112 110,0.843094701955
122 221 101,0.8970544339526756
122 221 111,1.0
211 220 121,0.82566077995
211 221 121,1.0
212 012 001,0.704755
012 211 000,0.8970544339526756
012 211 020,0.9249526823515004
012 211 120,0.5950000000000001
012 211 122,0.36450000000000005
112 211 122,0.0
211 001 220,0.82566077995
211 101 220,0.5
211 111 220,1.0
211 111 221,1.0
211 011 220,0.843094701955
021 120 001,0.7608515499999999
021 120 201,0.55
121 120 201,0.5
121 121 201,1.0
202 011 021,0.7342795
212 011 021,0.5
212 111 021,1.0
212 111 121,1.0
211 122 021,0.156905298045
012 001 020,0.7608515499999999
112 001 020,0.5
012 011 020,0.7342795
012 211 021,0.907348990557408
112 211 021,1.0
021 001 012,0.9507614548908194
121 001 012,0.5
121 101 012,0.5
021 121 012,0.67195
002 211 210,0.7342795
102 211 210,0.7847663949999999
112 211 210,1.0
112 211 211,1.0
211 000 100,0.5
211 100 100,0.5
211 110 100,1.0
201 020 100,0.5950000000000001
201 120 100,0.55
211 120 100,0.5
021 002 112,0.6355000000000001
121 002 112,0.5950000000000001
121 102 112,1.0
021 102 112,0.5950000000000001
221 102 112,0.55
211 200 120,0.87290670858355
211 210 120,1.0
021 221 010,0.82566077995
202 100 110,0.67195
212 100 110,0.5
212 110 110,1.0
211 000 210,0.67195
211 100 210,0.5
211 110 210,1.0
211 020 210,0.704755
211 120 210,0.5
211 020 211,0.704755
001 001 200,0.6355000000000001
101 001 200,0.5
111 001 200,1.0
111 101 200,1.0
011 202 000,0.7847663949999999
111 202 000,1.0
111 212 000,1.0
022 100 100,0.82566077995
221 010 000,0.7342795
221 110 000,0.5
021 011 022,0.9452905054342439
121 011 022,0.55
121 111 022,1.0
121 111 122,1.0
002 012 010,0.67195
102 012 010,0.55
112 012 010,1.0
112 112 010,1.0
201 010 000,0.704755
211 010 000,0.5
201 012 000,0.67195
021 020 100,0.7847663949999999
221 120 100,0.8587852317595001
221 120 101,0.8587852317595001
200 010 000,0.7342795
210 010 000,0.5
200 011 000,0.843094701955
210 011 000,0.5
211 011 000,0.5
200 211 000,0.843094701955
210 211 000,0.5
200 211 100,0.8062897554999999
210 211 100,0.5
202 211 110,0.82566077995
121 002 102,0.843094701955
121 102 102,1.0
121 112 102,1.0
202 100 101,0.5950000000000001
212 100 101,0.5
212 110 101,0.5
202 102 101,0.67195
212 102 101,0.5
021 101 220,0.6355000000000001
121 101 220,0.5
121 111 220,1.0
021 120 102,0.55
121 120 102,1.0
211 201 020,0.8062897554999999
211 201 120,0.82566077995
211 221 120,0.8062897554999999
102 001 002,0.7342795
102 101 002,0.55
112 101 002,0.5
112 111 002,1.0
112 111 102,1.0
102 121 002,0.55
112 121 002,0.5
011 002 002,0.82566077995
111 002 002,1.0
111 102 002,1.0
111 112 002,1.0
111 112 102,1.0
111 112 112,1.0
012 021 120,0.7608515499999999
012 121 120,0.7847663949999999
212 121 120,0.156905298045
102 102 000,0.704755
122 012 010,0.7342795
122 112 010,0.5
122 112 110,1.0
122 112 111,1.0
122 012 110,0.7342795
121 012 200,0.8970544339526756
211 000 201,0.7608515499999999
211 100 201,0.5
211 110 201,0.5
211 111 201,1.0
201 021 100,0.7847663949999999
211 021 100,0.5
001 010 200,0.7342795
101 010 200,0.5
111 010 200,1.0
121 010 200,0.5950000000000001
021 011 202,0.87290670858355
020 100 000,0.5950000000000001
220 101 100,0.55
221 101 100,0.5
220 121 100,0.5950000000000001
220 121 101,0.5950000000000001
221 121 101,1.0
212 121 001,0.55
211 000 012,0.7342795
211 100 012,0.5
211 110 012,1.0
211 111 012,1.0
112 221 120,0.45
102 002 010,0.55
112 002 010,0.5
112 102 010,0.5
102 021 010,0.704755
112 021 010,0.5
022 110 010,0.7342795
022 112 010,0.7608515499999999
022 112 110,0.7608515499999999
201 121 000,0.67195
021 001 120,0.8587852317595001
121 001 120,0.5
121 101 120,1.0
021 201 120,0.9324574141163504
121 201 120,0.5
200 000 010,0.704755
210 000 010,0.5
211 000 010,0.5
211 100 010,0.5
211 110 010,1.0
211 111 010,1.0
200 010 010,0.704755
210 010 010,1.0
211 010 010,1.0
220 010 010,0.704755
221 010 010,0.5
221 110 010,0.5
220 011 010,0.67195
221 011 010,0.5
220 211 010,0.6355000000000001
220 211 110,0.67195
021 022 110,0.704755
121 022 110,0.5
021 122 110,0.704755
221 122 110,0.8587852317595001
211 220 001,0.7847663949999999
211 221 001,1.0
000 201 000,0.67195
100 201 000,0.5
110 201 000,0.5
001 221 000,0.5950000000000001
101 221 000,0.5
111 221 000,1.0
111 221 100,1.0
111 221 110,1.0
111 221 111,1.0
011 221 000,0.5950000000000001
211 221 000,0.6355000000000001
001 000 021,0.7847663949999999
101 000 021,0.5
111 000 021,1.0
111 100 021,1.0
111 110 021,1.0
111 111 021,1.0
021 000 021,0.8062897554999999
121 000 021,0.5
121 100 021,0.5
121 110 021,1.0
121 111 021,1.0
021 010 021,0.8062897554999999
121 010 021,1.0
221 010 021,0.7847663949999999
221 110 021,0.5
221 111 021,1.0
221 000 001,0.704755
221 100 001,0.5
221 110 001,0.5
221 111 001,1.0
221 111 101,1.0
201 002 101,0.5950000000000001
211 002 101,0.5
211 102 101,0.5
201 022 101,0.67195
021 000 120,0.82566077995
021 011 220,0.9601167784615637
121 011 220,0.55
200 001 000,0.6355000000000001
002 211 211,0.55
102 211 211,1.0
211 101 202,0.55
102 020 010,0.704755
112 020 010,0.5
102 020 110,0.704755
112 020 110,0.5
102 220 110,0.82566077995
022 011 012,0.6355000000000001
122 011 012,0.5
122 111 012,1.0
122 111 112,1.0
211 021 210,0.7342795
010 002 000,0.8062897554999999
100 000 002,0.704755
121 000 002,0.82566077995
121 100 002,0.5
012 010 000,0.7847663949999999
012 012 000,0.7847663949999999
012 012 100,0.7608515499999999
012 212 100,0.7608515499999999
112 201 000,0.5
000 001 200,0.5
010 001 200,0.55
110 001 200,0.5
012 001 200,0.67195
112 001 200,0.55
112 101 200,0.5
012 011 200,0.67195
212 011 200,0.55
212 111 200,1.0
212 111 210,1.0
212 111 211,1.0
000 001 020,0.6355000000000001
100 001 020,0.5
110 001 020,0.5
211 002 102,0.704755
211 102 102,0.67195
211 112 102,1.0
211 112 112,1.0
021 102 120,0.67195
121 102 120,1.0
121 112 120,1.0
121 112 121,1.0
221 201 100,0.82566077995
221 201 110,0.55
201 000 010,0.704755
201 020 010,0.67195
211 020 010,0.55
211 120 211,0.5
101 002 100,0.5
001 000 120,0.7608515499999999
101 000 120,0.5
111 000 120,1.0
111 100 120,1.0
111 110 120,1.0
121 000 120,0.5950000000000001
121 100 120,1.0
121 110 120,1.0
121 200 120,0.5950000000000001
121 210 120,1.0
121 221 010,0.5
002 001 100,0.7847663949999999
102 001 100,0.5
112 001 100,0.5
112 101 100,1.0
002 201 100,0.7847663949999999
102 201 100,0.5
112 201 100,0.5
002 201 110,0.7608515499999999
102 201 110,0.5
112 201 110,0.5
002 221 110,0.8970544339526756
011 220 000,0.7608515499999999
111 220 000,1.0
012 221 110,0.843094701955
012 221 112,0.1937102445
112 221 112,0.0
100 020 000,0.5950000000000001
110 020 000,0.5
021 000 012,0.9249526823515004
121 000 012,0.55
121 100 012,0.5
202 201 110,0.55
212 201 110,0.5
012 000 010,0.7342795
012 020 010,0.704755
012 020 110,0.704755
121 202 112,0.6355000000000001
121 212 112,1.0
102 001 200,0.704755
102 211 200,0.7847663949999999
112 211 200,0.5
122 211 210,0.8062897554999999
101 100 002,0.5
021 100 002,0.843094701955
011 200 201,0.55
111 200 201,1.0
111 210 201,1.0
111 211 201,1.0
012 211 200,0.67195
002 211 001,0.8062897554999999
102 211 001,1.0
112 211 001,1.0
112 211 101,1.0
121 200 021,0.55
121 210 021,1.0
121 211 021,1.0
002 101 002,0.7608515499999999
121 000 200,0.87290670858355
221 001 100,0.704755
002 010 201,0.7342795
102 010 201,1.0
112 010 201,1.0
112 110 201,1.0
112 111 201,1.0
102 201 000,0.82566077995
102 201 010,0.7847663949999999
102 221 010,0.7342795
102 221 011,0.8062897554999999
021 201 010,0.7342795
121 201 010,0.5
021 201 210,0.7342795
121 201 210,0.55
021 200 101,0.704755
121 200 101,0.5
121 210 101,1.0
021 102 010,0.843094701955
021 102 210,0.8587852317595001
021 102 211,0.8587852317595001
021 122 211,0.1412147682405
101 002 200,0.5950000000000001
211 120 010,0.5
211 121 010,0.5
201 020 011,0.6355000000000001
221 020 011,0.55
221 120 011,0.5
221 121 011,1.0
021 211 000,0.67195
020 010 000,0.6355000000000001
120 010 000,0.5
020 011 000,0.7342795
120 011 000,0.5
121 011 000,0.5
020 211 000,0.7342795
120 211 000,0.5
020 211 100,0.7342795
120 211 100,0.5
022 211 100,0.704755
122 211 100,0.55
022 211 101,0.6355000000000001
000 000 210,0.82566077995
010 000 210,0.55
110 000 210,0.5
012 000 210,0.55
112 000 210,0.5
112 100 210,0.5
112 110 210,1.0
100 000 210,0.5
211 020 021,0.704755
211 120 021,0.55
211 121 021,1.0
122 100 100,1.0
122 110 100,1.0
001 000 012,0.8062897554999999
101 000 012,0.5
111 000 012,1.0
111 100 012,1.0
111 110 012,1.0
111 111 012,1.0
102 201 012,0.55
112 201 012,0.5
122 211 012,0.06078832729528464
020 000 010,0.6355000000000001
120 000 010,0.5
020 001 010,0.6355000000000001
120 001 010,0.5
121 001 010,0.5
121 101 010,0.5
020 021 010,0.5950000000000001
120 021 010,0.5
020 021 110,0.6355000000000001
120 021 110,0.5
121 021 110,0.5
020 221 110,0.6355000000000001
120 221 110,0.5
022 121 101,0.55
122 121 101,1.0
211 201 002,0.82566077995
211 211 002,0.55
211 201 102,0.82566077995
001 021 000,0.67195
101 021 000,0.5
111 021 000,1.0
201 001 002,0.8587852317595001
201 011 002,0.82566077995
211 011 002,0.5
201 211 002,0.82566077995
002 121 102,0.7608515499999999
102 121 102,1.0
201 002 010,0.55
201 012 010,0.5950000000000001
211 012 010,1.0
221 012 010,0.6355000000000001
221 112 010,0.5
100 000 200,0.704755
211 020 011,0.5
211 120 011,0.5
211 121 011,1.0
201 022 011,0.6355000000000001
221 211 001,1.0
221 211 101,1.0
112 001 002,0.5
102 011 002,0.67195
112 011 002,0.5
102 211 002,0.67195
112 211 002,0.5
112 211 102,0.5
212 100 000,0.55
212 110 000,0.5
212 121 000,0.55
212 121 021,0.45
002 001 010,0.843094701955
102 001 010,0.5
112 001 010,0.5
112 101 010,0.5
002 021 010,0.843094701955
002 021 110,0.843094701955
102 021 110,0.5
112 021 110,0.5
102 221 110,0.7847663949999999
002 011 002,0.7847663949999999
121 220 112,0.405
001 012 000,0.8062897554999999
101 012 000,0.5
111 012 000,1.0
121 201 200,0.704755
102 001 020,0.67195
102 011 220,0.55
112 011 220,0.5
112 111 220,1.0
112 111 221,1.0
102 011 022,0.55
112 011 022,0.5
112 111 022,1.0
112 111 122,1.0
011 122 000,0.55
211 122 000,0.6355000000000001
002 211 100,0.82566077995
102 211 100,0.5
002 211 120,0.8062897554999999
102 211 120,0.5
002 211 121,0.8062897554999999
102 211 121,1.0
121 200 000,0.8062897554999999
121 200 102,0.5950000000000001
121 210 102,1.0
101 020 100,0.5
111 020 100,1.0
111 120 100,1.0
022 011 001,0.55
122 011 001,1.0
221 011 012,0.55
221 111 012,1.0
221 211 012,0.5950000000000001
221 211 112,1.0
212 221 101,0.7342795
212 221 111,1.0
021 100 021,0.55
002 100 120,0.5950000000000001
102 100 120,1.0
112 100 120,1.0
112 110 120,1.0
022 011 000,0.82566077995
122 011 000,0.6355000000000001
211 210 020,0.55
112 220 121,0.45
001 200 210,0.55
101 200 210,0.5
111 200 210,1.0
111 210 210,1.0
011 200 210,0.55
021 202 101,0.55
002 101 120,0.55
102 101 120,1.0
112 101 120,1.0
202 101 120,0.704755
212 101 120,0.55
212 111 120,1.0
000 100 020,0.67195
000 100 021,0.55
100 100 021,0.5
110 100 021,0.5
002 100 021,0.55
102 100 021,0.5
112 100 021,0.5
002 110 021,0.55
102 110 021,1.0
202 110 021,0.55
212 110 021,0.5
121 002 120,0.704755
112 211 022,0.405
021 012 201,0.5950000000000001
121 012 201,1.0
212 011 000,0.704755
021 100 120,0.82566077995
221 100 120,0.82566077995
221 110 120,1.0
211 010 020,0.55
211 012 020,0.5950000000000001
201 001 200,0.6355000000000001
221 000 100,0.7342795
020 001 000,0.5950000000000001
120 001 000,0.5950000000000001
012 020 011,0.5
012 220 011,0.55
112 220 011,0.5
102 221 112,0.1937102445
120 100 000,0.5
020 101 000,0.5950000000000001
120 101 000,0.5
020 121 000,0.55
120 121 000,0.55
020 121 100,0.55
120 121 100,1.0
022 100 010,0.5950000000000001
122 100 010,0.5
022 101 010,0.55
122 101 010,0.5
022 121 010,0.55
122 121 010,0.5
022 121 110,0.55
002 121 010,0.6355000000000001
200 121 201,0.5950000000000001
210 121 201,0.5
000 100 200,0.704755
100 100 200,0.5
110 100 200,0.5
000 000 012,0.67195
100 000 012,0.5
110 000 012,0.5
211 102 002,0.704755
211 112 002,0.5
211 102 122,0.5
121 201 212,0.45
202 010 010,0.67195
212 010 010,1.0
212 110 010,1.0
212 111 010,1.0
102 010 200,0.55
112 010 200,0.5
112 110 200,0.5
112 221 102,0.12709329141645
122 001 000,0.67195
122 211 000,0.67195
002 011 021,0.5950000000000001
102 011 021,1.0
112 011 021,1.0
121 012 212,0.405
121 112 212,0.0
201 011 200,0.5950000000000001
211 011 200,0.5
020 000 001,0.6355000000000001
120 000 001,0.5
020 010 001,0.6355000000000001
120 010 001,1.0
121 010 001,1.0
220 010 001,0.6355000000000001
221 010 001,0.5
220 011 001,0.6355000000000001
221 011 001,1.0
211 200 001,0.7342795
211 210 001,0.5
211 211 001,1.0
211 211 101,1.0
211 202 001,0.704755
211 212 001,0.55
211 212 101,1.0
211 202 101,0.7608515499999999
011 000 212,0.55
111 000 212,1.0
111 100 212,1.0
111 110 212,1.0
211 000 212,0.5
211 100 212,0.55
211 110 212,1.0
021 002 011,0.7847663949999999
121 002 011,0.5
121 102 011,0.5
121 112 011,1.0
021 022 011,0.87290670858355
121 022 011,0.55
121 122 011,0.5
000 001 002,0.6355000000000001
100 001 002,0.5
110 001 002,0.5
111 001 002,1.0
111 101 002,1.0
001 001 002,0.7342795
101 001 002,0.5
210 000 000,0.67195
210 001 000,0.6355000000000001
210 021 000,0.6355000000000001
210 021 001,0.6355000000000001
211 021 001,1.0
212 021 001,0.5950000000000001
212 021 011,0.67195
000 000 021,0.6355000000000001
000 001 021,0.55
100 001 021,0.5
110 001 021,0.5
111 001 021,1.0
111 101 021,1.0
002 001 021,0.55
102 001 021,0.5
112 001 021,0.5
112 101 021,0.5
102 200 100,0.7342795
021 211 210,0.7342795
100 100 020,0.5
110 100 020,0.5
001 100 020,0.704755
101 100 020,0.5
202 110 100,0.704755
002 100 102,0.6355000000000001
102 100 102,1.0
112 100 102,1.0
112 110 102,1.0
011 020 012,0.55
111 020 012,1.0
111 120 012,1.0
111 121 012,1.0
021 212 001,0.5950000000000001
121 212 001,1.0
001 102 000,0.7342795
101 102 000,0.5
002 120 100,0.5950000000000001
102 120 100,1.0
112 120 100,1.0
201 201 000,0.5950000000000001
221 000 010,0.7608515499999999
221 100 010,0.5
200 000 001,0.55
210 000 001,0.5
200 001 001,0.55
210 001 001,0.5
211 001 001,1.0
211 101 001,1.0
202 001 001,0.5
212 001 001,0.55
212 101 001,0.5
121 010 201,1.0
221 010 201,0.7342795
221 110 201,0.5
221 111 201,1.0
211 200 010,0.7847663949999999
211 210 010,1.0
211 211 010,1.0
211 220 010,0.7608515499999999
211 220 110,0.67195
021 012 010,0.7847663949999999
121 012 010,0.5
000 020 100,0.55
100 020 100,0.5
110 020 100,0.5
002 001 102,0.55
102 001 102,0.55
112 001 102,0.5
112 101 102,1.0
002 101 102,0.5
010 000 020,0.55
000 012 000,0.67195
100 012 000,0.5
110 012 000,0.5
002 100 001,0.843094701955
102 100 001,0.5
002 120 001,0.82566077995
102 120 001,0.5
002 120 101,0.843094701955
102 120 101,1.0
202 120 101,0.8062897554999999
212 120 101,0.5950000000000001
002 100 112,0.5950000000000001
102 100 112,1.0
112 100 112,1.0
112 110 112,1.0
202 100 112,0.5950000000000001
212 100 112,0.5
212 110 112,1.0
202 110 112,0.55
012 121 122,0.55
112 121 122,1.0
121 022 100,0.67195
121 102 212,0.405
202 011 201,0.704755
212 011 201,0.55
212 111 201,1.0
000 000 120,0.704755
100 000 120,0.5
110 000 120,0.5
221 100 000,0.5950000000000001
112 220 112,0.45
211 221 010,0.5
211 220 011,0.7342795
211 221 011,1.0
000 010 200,0.6355000000000001
100 010 200,0.5
110 010 200,0.5
211 000 021,0.67195
211 100 021,0.5
211 110 021,0.5
211 111 021,1.0
211 002 021,0.704755
211 102 021,0.5
211 112 021,0.5
211 002 121,0.704755
211 102 121,0.5
002 000 101,0.704755
002 000 121,0.5950000000000001
102 000 121,0.5
112 000 121,0.5
112 100 121,1.0
112 110 121,1.0
002 100 121,0.5950000000000001
102 100 121,1.0
202 100 121,0.6355000000000001
212 100 121,0.5
212 110 121,0.5
202 101 121,0.6355000000000001
212 101 121,0.5
012 001 002,0.704755
012 011 002,0.7342795
012 211 002,0.704755
001 220 001,0.55
101 220 001,0.5
111 220 001,1.0
111 221 001,1.0
111 221 101,1.0
011 220 001,0.55
102 200 101,0.5950000000000001
112 200 101,0.5
112 210 101,1.0
102 220 101,0.7342795
000 210 000,0.6355000000000001
100 210 000,0.5
110 210 000,0.5
010 100 020,0.55
012 100 020,0.55
112 100 020,0.5
112 110 020,0.5
012 101 020,0.55
012 121 020,0.55
112 121 020,0.5
121 102 221,0.55
000 200 100,0.55
100 200 100,0.5
110 200 100,0.5
111 200 100,1.0
111 210 100,1.0
001 200 100,0.67195
101 200 100,0.5
102 210 120,0.55
112 210 120,0.5
102 011 202,0.55
112 011 202,0.5
112 111 202,1.0
112 111 212,1.0
120 000 000,0.6355000000000001
120 021 000,0.5950000000000001
120 021 100,0.55
120 021 102,0.55
002 011 102,0.5950000000000001
102 011 102,0.5
112 011 102,0.5
002 211 102,0.5950000000000001
102 211 102,0.5
002 211 112,0.5950000000000001
102 211 112,0.5
001 012 200,0.55
101 012 200,0.5
111 012 200,1.0
011 012 200,0.55
221 002 011,0.55
221 102 011,0.5
221 112 011,0.5
120 221 100,0.55
120 221 101,0.55
022 110 000,0.55
122 110 000,0.5
202 001 010,0.5
202 011 010,0.55
212 011 010,1.0
020 120 100,0.55
120 120 100,1.0
002 102 100,0.8062897554999999
102 102 100,1.0
211 020 100,0.7342795
000 001 120,0.55
100 001 120,0.5
110 001 120,0.5
111 001 120,1.0
111 101 120,1.0
002 001 120,0.55
102 001 120,0.5
112 001 120,0.5
022 101 120,0.55
122 101 120,1.0
122 111 120,1.0
122 111 121,1.0
201 201 100,0.5950000000000001
211 201 100,0.5
201 221 100,0.5950000000000001
121 011 202,0.5
121 111 202,1.0
121 111 212,1.0
202 010 101,0.67195
212 010 101,0.5
202 012 101,0.6355000000000001
212 012 101,0.55
121 020 210,0.55
121 120 210,0.5
121 020 211,0.55
121 120 211,0.5
021 102 102,0.704755
001 000 102,0.7342795
101 000 102,0.5
111 000 102,1.0
111 100 102,1.0
111 110 102,1.0
000 002 010,0.67195
000 012 010,0.55
100 012 010,0.5
110 012 010,1.0
111 012 010,1.0
020 012 010,0.55
120 012 010,0.5
020 012 110,0.55
120 012 110,0.5
121 012 110,1.0
022 012 110,0.55
211 010 200,0.704755
020 000 101,0.5
220 000 101,0.5950000000000001
221 000 101,0.5
221 100 101,0.5
221 110 101,1.0
220 010 101,0.55
221 010 101,1.0
012 211 102,0.55
000 200 011,0.5950000000000001
100 200 011,0.5
110 200 011,0.5
111 200 011,1.0
111 210 011,1.0
111 211 011,1.0
002 200 011,0.5950000000000001
102 200 011,0.5
112 200 011,0.5
112 210 011,1.0
112 211 011,1.0
002 210 011,0.5950000000000001
102 210 011,1.0
202 210 011,0.5950000000000001
212 210 011,1.0
122 201 010,0.55
122 201 011,0.55
122 221 011,0.55
011 201 020,0.55
111 201 020,1.0
000 010 210,0.55
100 010 210,0.5
110 010 210,1.0
111 010 210,1.0
020 010 210,0.55
120 010 210,0.5
020 011 210,0.5
020 011 212,0.55
120 011 212,0.5
121 011 212,0.5
100 002 010,0.5
110 002 010,0.5
012 120 010,0.55
221 101 002,0.55
201 020 101,0.5950000000000001
211 020 101,0.5
211 120 101,0.5
202 010 011,0.7342795
212 010 011,1.0
212 110 011,1.0
212 111 011,1.0
002 122 110,0.55
102 122 110,1.0
112 122 110,1.0
112 122 111,1.0
010 001 002,0.55
021 000 121,0.55
121 000 121,0.5
121 100 121,1.0
121 110 121,1.0
021 200 121,0.55
121 200 121,0.5
121 210 121,1.0
001 202 001,0.5950000000000001
101 202 001,0.5
111 202 001,1.0
111 212 001,1.0
111 212 101,1.0
011 202 001,0.55
001 020 210,0.55
101 020 210,0.5
111 020 210,1.0
111 120 210,1.0
011 020 210,0.55
012 021 001,0.6355000000000001
121 002 012,0.55
002 010 102,0.5
011 010 220,0.55
111 010 220,1.0
211 010 220,0.55
211 110 220,0.5
121 211 022,0.6355000000000001
121 211 122,1.0
021 101 022,0.55
121 101 022,0.5
201 021 010,0.5950000000000001
211 021 010,0.5
022 010 110,0.5950000000000001
122 010 110,0.5
122 110 110,1.0
212 012 121,0.45
212 112 121,0.0
211 010 002,0.7608515499999999
211 012 002,0.7608515499999999
001 002 012,0.55
101 002 012,0.5
111 002 012,1.0
111 102 012,1.0
111 112 012,1.0
011 002 012,0.5
011 022 012,0.55
111 022 012,1.0
111 122 012,1.0
111 122 112,1.0
101 200 002,0.55
002 100 201,0.55
102 100 201,0.5
112 100 201,0.5
002 110 201,0.5
202 110 201,0.55
212 110 201,0.5
201 011 220,0.55
012 002 100,0.55
001 001 022,0.55
101 001 022,0.5
111 001 022,1.0
111 101 022,1.0
011 001 022,0.55
002 210 001,0.704755
102 210 001,1.0
112 210 001,1.0
021 110 200,0.5950000000000001
221 001 102,0.55
221 101 102,0.5
211 200 021,0.5950000000000001
211 210 021,0.5
211 211 021,1.0
212 112 120,0.45
002 021 121,0.55
102 021 121,0.5
112 021 121,0.5
002 121 121,0.55
102 121 121,1.0
021 101 202,0.55
121 101 202,0.5
102 200 010,0.55
112 200 010,0.5
122 210 010,0.55
001 201 002,0.5950000000000001
101 201 002,0.5
111 201 002,1.0
011 201 002,0.5950000000000001
021 212 211,0.55
000 000 102,0.6355000000000001
100 000 102,0.55
110 000 102,0.5
201 000 102,0.55
000 000 201,0.5950000000000001
100 000 201,0.5
110 000 201,0.5
000 021 000,0.6355000000000001
100 021 000,0.5
110 021 000,0.5
102 020 001,0.67195
102 020 101,0.67195
221 121 210,0.55
221 121 211,1.0
012 100 102,0.55
212 100 102,0.55
212 110 102,0.5
002 101 200,0.5950000000000001
102 101 200,0.55
021 112 210,0.55
021 112 212,0.45
102 000 102,0.55
112 000 102,0.5
012 211 221,0.55
112 211 221,1.0
121 102 012,0.5
200 000 100,0.6355000000000001
210 000 100,0.5
200 010 100,0.6355000000000001
210 010 100,0.5
211 010 100,1.0
202 010 100,0.5950000000000001
212 010 100,0.5
100 200 000,0.5
110 200 000,0.55
112 200 000,0.55
112 210 000,0.5
112 202 010,0.55
112 212 010,1.0
021 200 011,0.55
121 200 011,0.5
121 210 011,1.0
121 211 011,1.0
021 220 011,0.55
121 220 011,0.5
121 221 011,1.0
010 001 220,0.55
110 001 220,0.5
111 001 220,1.0
111 101 220,1.0
011 001 220,0.55
121 002 021,0.55
121 102 021,0.5
121 112 021,1.0
102 121 010,0.5
120 001 020,0.55
120 011 020,0.55
120 211 020,0.55
120 211 120,0.55
122 211 120,0.55
122 211 121,1.0
102 201 001,0.5950000000000001
112 201 001,0.5
102 221 001,0.5950000000000001
112 221 001,0.5
202 110 000,0.55
211 002 120,0.5950000000000001
221 011 212,0.55
221 111 212,1.0
220 211 100,0.55
010 020 000,0.5950000000000001
212 001 000,0.704755
212 211 000,0.67195
102 201 102,0.55
112 201 102,0.5
102 201 112,0.55
112 201 112,0.5
100 000 021,0.5
110 000 021,0.5
021 012 021,0.5
021 112 021,0.55
221 112 021,0.55
221 112 121,1.0
011 002 020,0.7342795
111 002 020,1.0
111 102 020,1.0
111 112 020,1.0
111 112 120,1.0
111 112 121,1.0
200 211 102,0.55
210 211 102,0.5
021 201 012,0.55
121 201 012,0.5
021 201 112,0.55
121 201 112,0.5
010 000 021,0.5
010 200 021,0.55
110 200 021,0.5
111 200 021,1.0
111 210 021,1.0
111 211 021,1.0
011 200 021,0.55
002 010 210,0.5950000000000001
102 010 210,0.5
112 010 210,1.0
212 112 021,0.405
122 211 102,0.45
002 002 101,0.55
102 002 101,0.5
112 002 101,0.5
112 102 101,1.0
002 102 101,0.55
102 102 101,1.0
022 012 011,0.5
221 100 112,0.5
122 221 110,0.55
001 020 021,0.55
101 020 021,0.5
111 020 021,1.0
111 120 021,1.0
111 121 021,1.0
011 020 021,0.55
021 100 210,0.55
202 102 110,0.55
000 102 000,0.5950000000000001
100 102 000,0.5
110 102 000,0.5
021 100 122,0.55
121 100 122,1.0
121 110 122,1.0
211 100 202,0.55
211 110 202,0.5
000 000 211,0.55
100 000 211,0.5
110 000 211,0.5
111 000 211,1.0
111 100 211,1.0
111 110 211,1.0
002 000 211,0.55
102 000 211,0.5
112 000 211,0.5
112 100 211,0.5
112 110 211,1.0
002 010 211,0.55
102 010 211,1.0
112 010 211,1.0
202 010 211,0.55
212 010 211,1.0
212 110 211,1.0
102 000 101,0.5
112 000 101,0.5
112 100 101,1.0
112 110 101,1.0
002 200 101,0.6355000000000001
012 200 101,0.55
001 021 002,0.5
011 021 002,0.55
111 021 002,1.0
211 012 221,0.45
211 112 221,0.0
200 100 010,0.55
210 100 010,0.5
200 120 010,0.55
210 120 010,0.5
200 120 011,0.55
210 120 011,0.5
200 122 011,0.55
210 122 011,0.5
220 011 012,0.55
121 001 220,0.55
201 211 012,0.55
211 211 012,1.0
212 021 010,0.55
212 121 010,0.5
200 010 001,0.5
200 010 021,0.55
210 010 021,0.5
211 010 021,0.5
200 011 021,0.55
210 011 021,0.5
211 011 021,1.0
121 112 202,0.45
221 201 010,0.55
200 121 100,0.5
200 121 120,0.55
210 121 120,0.5
200 121 121,0.55
210 121 121,0.5
201 011 022,0.55
221 002 101,0.55
002 112 010,0.55
102 112 010,0.5
201 100 000,0.5950000000000001
201 102 000,0.5950000000000001
201 102 100,0.5950000000000001
201 122 100,0.5950000000000001
201 122 101,0.5950000000000001
201 122 121,0.405
212 120 121,0.45
011 002 210,0.55
111 002 210,1.0
111 102 210,1.0
211 002 210,0.55
002 120 011,0.55
102 120 011,0.5
002 210 101,0.5950000000000001
102 210 101,1.0
202 210 101,0.6355000000000001
212 210 101,0.5
221 102 001,0.55
101 220 000,0.55
012 101 200,0.55
002 020 110,0.55
211 102 012,0.55
211 112 012,1.0
021 001 212,0.5
021 011 212,0.55
211 020 120,0.5
211 020 121,0.55
211 120 121,0.5
202 010 110,0.55
212 010 110,1.0
010 200 000,0.55
102 001 012,0.55
112 001 012,0.5
112 101 012,0.5
102 021 012,0.55
112 021 012,0.5
112 121 012,0.5
102 021 112,0.55
112 021 112,0.5
102 100 200,0.55
112 100 200,0.5
021 020 011,0.704755
121 020 011,0.5
121 120 011,0.5
121 121 011,1.0
120 121 200,0.55
120 121 201,0.5
221 112 112,1.0
210 001 020,0.55
210 011 020,0.55
210 211 020,0.55
210 211 120,0.55
021 122 011,0.55
